# name	south	west	north	east	geofabrik extracts (comma separated, under north-america/us/, or from the root with a leading /)	state code (blank for a plain box, - when a country follows)	country (blank for US)
dc-box	38.79	-77.12	39.0	-76.91	district-of-columbia,maryland,virginia
sac-box	38.43	-121.80	38.72	-121.20	california/norcal
seattle-box	47.50	-122.44	47.74	-122.24	washington
portland-box	45.45	-122.76	45.60	-122.55	oregon
kansas-city-box	38.95	-94.70	39.20	-94.45	missouri,kansas
denver-box	39.62	-105.11	39.80	-104.87	colorado
chicago-box	41.83	-87.72	41.97	-87.60	illinois
jacksonville-box	30.10	-81.90	30.50	-81.38	florida
houston-box	29.62	-95.62	29.92	-95.20	texas
nyc-box	40.70	-74.02	40.82	-73.90	new-york
paris-box	48.815	2.224	48.902	2.470	/europe/france/ile-de-france	-	FR
delaware	38.45	-75.79	39.84	-75.04	delaware	DE
kentucky	36.49	-89.58	39.15	-81.96	kentucky	KY
# Every other state and DC. Boxes are the Census outline plus a small margin.
# Alaska stops at the antimeridian and Hawaii at the main islands.
alabama	30.21	-88.48	35.02	-84.88	alabama	AL
alaska	51.21	-180	71.4	-129.9	alaska	AK
arizona	31.32	-114.83	37.01	-109.04	arizona	AZ
arkansas	32.99	-94.63	36.51	-89.63	arkansas	AR
california	32.52	-124.42	42.02	-114.12	california	CA
colorado	36.98	-109.07	41.01	-102.03	colorado	CO
connecticut	40.97	-73.74	42.06	-71.78	connecticut	CT
district-of-columbia	38.78	-77.13	39.01	-76.9	district-of-columbia	DC
florida	24.51	-87.64	31.01	-80.02	florida	FL
georgia	30.35	-85.62	35.01	-80.83	georgia	GA
hawaii	18.9	-160.6	22.5	-154.8	hawaii	HI
idaho	41.98	-117.25	49.01	-111.03	idaho	ID
illinois	36.96	-91.52	42.52	-87.49	illinois	IL
indiana	37.76	-88.11	41.77	-84.77	indiana	IN
iowa	40.37	-96.65	43.51	-90.13	iowa	IA
kansas	36.98	-102.06	40.01	-94.58	kansas	KS
louisiana	28.92	-94.05	33.03	-88.81	louisiana	LA
maine	42.97	-71.09	47.47	-66.94	maine	ME
maryland	37.9	-79.5	39.73	-75.04	maryland	MD
massachusetts	41.23	-73.52	42.9	-69.92	massachusetts	MA
michigan	41.69	-90.43	48.25	-82.4	michigan	MI
minnesota	43.49	-97.25	49.39	-89.48	minnesota	MN
mississippi	30.17	-91.67	35.01	-88.09	mississippi	MS
missouri	35.99	-95.78	40.62	-89.09	missouri	MO
montana	44.35	-116.06	49.01	-104.03	montana	MT
nebraska	39.99	-104.06	43.01	-95.3	nebraska	NE
nevada	34.99	-120.02	42.01	-114.03	nevada	NV
new-hampshire	42.69	-72.57	45.32	-70.6	new-hampshire	NH
new-jersey	38.92	-75.57	41.37	-73.88	new-jersey	NJ
new-mexico	31.32	-109.06	37.01	-102.99	new-mexico	NM
new-york	40.49	-79.77	45.03	-71.85	new-york	NY
north-carolina	33.83	-84.33	36.6	-75.45	north-carolina	NC
north-dakota	45.93	-104.06	49.01	-96.54	north-dakota	ND
ohio	38.39	-84.83	41.99	-80.51	ohio	OH
oklahoma	33.61	-103.01	37.01	-94.42	oklahoma	OK
oregon	41.98	-124.58	46.3	-116.45	oregon	OR
pennsylvania	39.71	-80.53	42.28	-74.68	pennsylvania	PA
rhode-island	41.14	-71.87	42.03	-71.11	rhode-island	RI
south-carolina	32.03	-83.36	35.23	-78.54	south-carolina	SC
south-dakota	42.47	-104.07	45.96	-96.43	south-dakota	SD
tennessee	34.97	-90.32	36.69	-81.64	tennessee	TN
texas	25.83	-106.66	36.51	-93.5	texas	TX
utah	36.99	-114.06	42.01	-109.03	utah	UT
vermont	42.72	-73.45	45.03	-71.45	vermont	VT
virginia	36.53	-83.69	39.48	-75.23	virginia	VA
washington	45.53	-124.77	49.01	-116.91	washington	WA
west-virginia	37.19	-82.65	40.65	-77.71	west-virginia	WV
wisconsin	42.48	-92.9	47.09	-86.8	wisconsin	WI
wyoming	40.98	-111.06	45.02	-104.04	wyoming	WY
